{"camera": {"position": [-37.13174235784027, 0, 21.08675167484852], "yaw": -45.099999999999916, "pitch": -10.300000000000002, "rb_position": [-37.13174235784027, 0, 21.08675167484852]}, "objects": [{"position": [0.4349335288403742, 0, -5.692161266441], "scale": [1, 1, 1], "rotation": [0, 0, 0], "gravity_enabled": true}, {"position": [-13.565628683097776, 0, 9.851959786002865], "scale": [1, 1, 1], "rotation": [0, 0, 0], "gravity_enabled": true}]}