{"camera": {"position": [-22.568381704306322, 2.2975292000000014, 26.349992176554906], "yaw": -43.599999999999895, "pitch": -14.399999999999997, "rb_position": [-22.568381704306322, 2.2975292000000014, 26.349992176554906]}, "objects": [{"position": [0.4349335288403742, 0, -5.692161266441], "scale": [1, 1, 1], "rotation": [0, 0, 0], "gravity_enabled": true}, {"position": [-10.737313845788547, 0, 19.33935327320771], "scale": [1, 1, 1], "rotation": [0, 0, 0], "gravity_enabled": true}]}